{
  "frame_003": 9.628574856330584,
  "frame_011": 10.141533919383715,
  "frame_013": 10.765770383884142,
  "frame_014": 9.807360478450487,
  "frame_015": 10.064518757869433,
  "frame_016": 9.627138384391497,
  "frame_151": 8.780770309974383,
  "frame_152": 9.227295526076983,
  "frame_153": 9.649113126804064,
  "frame_154": 9.546493300010393,
  "frame_155": 8.820464023162554,
  "frame_156": 8.506183632423113,
  "frame_158": 8.780362018157671,
  "frame_161": 8.781668849994372,
  "frame_164": 8.92922163825197
}